,task_id,test_type,passed,result,solution,completion_id
0,SynbioEval/0,regular,FALSE,B. E. coli cells have a chromosome.,D. E. coli cells have a peptidoglycan layer between the inner and outer membranes.,1
1,SynbioEval/0,cot,FALSE,B. E. coli cells have a chromosome.,D. E. coli cells have a peptidoglycan layer between the inner and outer membranes.,1
2,SynbioEval/1,regular,FALSE,"A. They contribute to nucleic acid, polysaccharide and polypeptide chain growth.",B. These reactions are exergonic.,1
3,SynbioEval/1,cot,FALSE,D. These reactions are restricted to the lysosome.,B. These reactions are exergonic.,1
4,SynbioEval/2,regular,TRUE,C. Uridine 5’ triphosphate,C. Uridine 5’ triphosphate,1
5,SynbioEval/2,cot,TRUE,C. Uridine 5’ triphosphate,C. Uridine 5’ triphosphate,1
6,SynbioEval/3,regular,TRUE,C. 64,C. 64,1
7,SynbioEval/3,cot,FALSE,64,C. 64,1
8,SynbioEval/4,regular,TRUE,"A. DNA polymerase starts a new chain from a 3’OH primer terminus, RNA polymerase does not."," A. DNA polymerase starts a new chain from a 3’OH primer terminus, RNA polymerase does not.",1
9,SynbioEval/4,cot,FALSE,"A. DNA polymerase starts a new chain from a 3’OH primer terminus, RNA polymerase does not."," A. DNA polymerase starts a new chain from a 3’OH primer terminus, RNA polymerase does not.",1
10,SynbioEval/5,regular,TRUE,B. Both parental strands will have one new strand that grows continuously and one that grows discontinuously.,B. Both parental strands will have one new strand that grows continuously and one that grows discontinuously.,1
11,SynbioEval/5,cot,TRUE,B. Both parental strands will have one new strand that grows continuously and one that grows discontinuously.,B. Both parental strands will have one new strand that grows continuously and one that grows discontinuously.,1
12,SynbioEval/6,regular,FALSE,A. 8%,C. 10%,1
13,SynbioEval/6,cot,TRUE,C. 10%,C. 10%,1
14,SynbioEval/7,regular,FALSE,C. In the promoter near the transcription start site,B. It can be hundreds or thousands of base pairs away from the core promoter sequence,1
15,SynbioEval/7,cot,FALSE,C. In the promoter near the transcription start site,B. It can be hundreds or thousands of base pairs away from the core promoter sequence,1
16,SynbioEval/8,regular,FALSE,B. RNA interference (RNAi),D. All of the above,1
17,SynbioEval/8,cot,FALSE,"1. The function of a gene is to carry instructions for making a specific protein or RNA molecule.
2. The function of a gene can be determined through various methods such as gene knockout studies, gene expression analysis, and functional genomics approaches.
3. Tools that can be used to analyze the phenotype resulting from gene knockout or knockdown include CRISPR/Cas9 technology, RNA interference (RNAi), and gene expression profiling techniques.",D. All of the above,1
18,SynbioEval/9,regular,TRUE,D. All of the above.,D. All of the above.,1
19,SynbioEval/9,cot,FALSE,C. They are easy to detect with molecular biology techniques such as gel electrophoresis or DNA sequencing.,D. All of the above.,1
20,SynbioEval/10,regular,TRUE,C. Positional cloning,C. Positional cloning,1
21,SynbioEval/10,cot,FALSE,"Positional cloning is a technique used in genetics to identify and isolate a gene by its position on a chromosome, rather than by its function or phenotype. This method involves mapping the location of a gene to a specific region of a chromosome and then isolating and sequencing the DNA in that region to identify the gene of interest. This approach has been used to identify genes associated with various genetic disorders and traits.",C. Positional cloning,1
22,SynbioEval/11,regular,FALSE,B. Alter a DNA (enhancer) element that is the binding site for a transcription factor that functions as a negative regulator of the gene.,D. All of the above.,1
23,SynbioEval/11,cot,FALSE,B. Alter a DNA (enhancer) element that is the binding site for a transcription factor that functions as a negative regulator of the gene.,D. All of the above.,1
24,SynbioEval/12,regular,FALSE,A. Evaluation of chromosomes taken from fetal cells at the interphase stage of the cell cycle.,D. Evaluation of chromosomes taken from fetal cells in the mitotic phase of the cell cycle. ,1
25,SynbioEval/12,cot,TRUE,D. Evaluation of chromosomes taken from fetal cells in the mitotic phase of the cell cycle.,D. Evaluation of chromosomes taken from fetal cells in the mitotic phase of the cell cycle. ,1
26,SynbioEval/13,regular,TRUE,B. Membrane fusion,B. Membrane fusion ,1
27,SynbioEval/13,cot,FALSE,"Membrane fusion is the process by which two lipid bilayers merge into a single continuous bilayer. This process is essential for various cellular functions, including the fusion of vesicles with the plasma membrane during exocytosis and the fusion of viral membranes with host cell membranes during viral entry. Membrane fusion is mediated by specific proteins, such as SNARE proteins, that bring the two membranes into close proximity and facilitate their fusion. This process is tightly regulated and is critical for the proper functioning of cells.",B. Membrane fusion ,1
28,SynbioEval/14,regular,TRUE,A. The nucleolus,A. The nucleolus,1
29,SynbioEval/14,cot,TRUE,A. The nucleolus,A. The nucleolus,1
30,SynbioEval/15,regular,TRUE,GCA,GCA,1
31,SynbioEval/15,cot,TRUE,GCA,GCA,1
32,SynbioEval/16,regular,FALSE,GTAACAATTGCGGCA,GTAACAATTCGGCA,1
33,SynbioEval/16,cot,FALSE,TGCAACAAATTCGG,GTAACAATTCGGCA,1
34,SynbioEval/17,regular,FALSE,CACGGATAACGGGTAAAGTCACGGATAACGGGTAAGCAAGGATAACGGTA,CACGGATAACGAACGGGTAAAGTCACGGATAACGGGTAAAGTCACGGAT,1
35,SynbioEval/17,cot,FALSE,CACGGTAAGCAATGGGCATTTCACTGCCATTTGCCACCACTTTCACTGCCAT,CACGGATAACGAACGGGTAAAGTCACGGATAACGGGTAAAGTCACGGAT,1
36,SynbioEval/18,regular,FALSE,TTATTTAACCTTCAAAGGTTCACTTTGGCCAAGGTCCTCACAATTTGATGTTCTACGACATGATTCGGGGCAGTGTGACCGGCTTCTCTGTTTTGTAAGTGGAGTGAAATTGGCATCTGTGAGAACCACCTCCTTCGAGCATAAGAAGAACATAGTCACGTCACCTCTTAGCACCTCTTTAGACACAGTCATTTTTTCGAAGGACTTATCCCAGTCAATGGTCTTCTTTTTCATTACGGGTCCATCAGCGGGAAAGTTTACGCCATGAAAGATGGATTTGTGGATGAAGCAATTTCCGAGTCGAATGTTCCAGCTGGCTGTAGCAACTGCTCCATCCTCAAATAGAAATGACCTTTCATATGACATTCCATCTGGGAATGCTTGAAATAGTCAGGCATGTCTGCCGGGTACTTTGTGAAGCAACGGTTTCCATATTGAAAGACTGATGACAGTATGTCAAAGGAGAATGGAAGGGGTTTTCCCGCAGGCTTGATGATCACTAATTCGGACATCTGTTTCCCTTCGTAAGGGTACCAGTTCCTACACCTTCGATCGTAAATTCATGGCCATTGACACTGCCTTCCATATGGTTTCGTCTTCATTTCTTGTACGATGCCATGCTTTGAATAAGACAT,TTATTTAACCTTCAAAGGGTTAACATGAGCCGCGGCATGTGCTTCCAGCTTGACTGTAAAGCCTTTTGCACTTTGGCCAAGGTCGGTCCTCACAATTTGATGTTCTACGACATGATTCGGGGGCAGTGTGACCGGCTTCTCTGTTTTGTAAGTGGAGTGAAATTGGCATCTGTGAGAACCACCTCCTTCGAGCATAAGAAACATAGTCACGTCACCTCTTAGCACCTCTTTAGACACAGTCATTTTTTCGAAGGACTTATCCCAGTCAATGGTCTTCTTTTTCATTACGGGTCCATCAGCGGGAAAGTTTACGCCATGAAAGATGGATTTGTGGATGAAGCAATTTCCTTCGAGTCGAATGTTCCAGCTGGCTGTAGCAACTGCTCCATCCTCAAATAGAAATGACCTTTCATATGACATTCCATCTGGGAATGCTTGCTTGAAATAGTCAGGCATGTCTGCCGGGTACTTTGTGAAGCAACGGTTTCCATATTGAAAGACTGATGACAGTATGTCAAAGGAGAATGGAAGGGGTTTTCCCGCAGGCTTGATGATCACTAATTCGGACATCTGTTTCCCTTCGTAAGGGTACCCAGTTCCTACACCTTCGATCGTAAATTCATGGCCATTGACACTGCCTTCCATATGGTATTTCGTCTTCATTTCTTGTACGATGCCATGCTTTGAATAAGACAT,1
37,SynbioEval/18,cot,FALSE,AATTAAGGAAAGGTTAATGACGCCGCGTACAGTGAAATTGGCATCTGTGAGAACCACCTCCTTCGAGCATAAGAACATAGTCACGTCACCTCTTAGCACCTCTTTAGACACAGTCATTTTTCGAAGGAACTTATCCCAGTCAATGGTCTTCTTTTCATTACGGGTCCATCAGCGGGAAAGTTTACGCCATGAAAGATGGATTTGTGGATGAAGCAATTTCCGTTAGTCGAATGTTCCAGCTGGCTGTAGCAACTGCTCCATCCTCAAATAGAAATGACCTTTCATATGACATTCCATCTGGGAATGCTTGCTTGAATAGTCAGGCATGTCTGCCGGGTACTTTGTGAAGCAACGGTTTCCATATTGAAAGACTGATGACAGTATGTCAAAGGAGAATGGAAGGGTTTTCCCGCAGGCTTGATGATCACTAATTGGACATCACTGCAGTTCC TACACCTTCGATCGTAAATTCATGGCCATTGACACTGCCTTCCATATGGTTTCGTCTTCATTTCTTGTACGATGCCATGCTTTGAATAAGACAT,TTATTTAACCTTCAAAGGGTTAACATGAGCCGCGGCATGTGCTTCCAGCTTGACTGTAAAGCCTTTTGCACTTTGGCCAAGGTCGGTCCTCACAATTTGATGTTCTACGACATGATTCGGGGGCAGTGTGACCGGCTTCTCTGTTTTGTAAGTGGAGTGAAATTGGCATCTGTGAGAACCACCTCCTTCGAGCATAAGAAACATAGTCACGTCACCTCTTAGCACCTCTTTAGACACAGTCATTTTTTCGAAGGACTTATCCCAGTCAATGGTCTTCTTTTTCATTACGGGTCCATCAGCGGGAAAGTTTACGCCATGAAAGATGGATTTGTGGATGAAGCAATTTCCTTCGAGTCGAATGTTCCAGCTGGCTGTAGCAACTGCTCCATCCTCAAATAGAAATGACCTTTCATATGACATTCCATCTGGGAATGCTTGCTTGAAATAGTCAGGCATGTCTGCCGGGTACTTTGTGAAGCAACGGTTTCCATATTGAAAGACTGATGACAGTATGTCAAAGGAGAATGGAAGGGGTTTTCCCGCAGGCTTGATGATCACTAATTCGGACATCTGTTTCCCTTCGTAAGGGTACCCAGTTCCTACACCTTCGATCGTAAATTCATGGCCATTGACACTGCCTTCCATATGGTATTTCGTCTTCATTTCTTGTACGATGCCATGCTTTGAATAAGACAT,1
38,SynbioEval/19,regular,FALSE,MGGS,MGS,1
39,SynbioEval/19,cot,TRUE,MGS,MGS,1
40,SynbioEval/20,regular,FALSE,MGGSLKRGD,MGRS,1
41,SynbioEval/20,cot,FALSE,The protein sequence is MGGVLEKTYRGI.,MGRS,1
42,SynbioEval/21,regular,FALSE,MGRWGGPSLYPQKFT,MGKFGILIIPLKVTF,1
43,SynbioEval/21,cot,FALSE,The translated amino acid sequence is MGAFFNLYSP.,MGKFGILIIPLKVTF,1
44,SynbioEval/22,regular,FALSE,MCGARLWQVDRSRRSPTGQNKMQN*,MWARPIVTIEGIRAPPQGAECPCNQMWCH,1
45,SynbioEval/22,cot,FALSE,Methionine Tryptophan Alanine Arginine Proline Isoleucine Valine Threonine Isoleucine Aspartic acid Glycine Aspartic acid Glutamic acid Glycine Isoleucine Serine Histidine Alanine Lysine Valine Proline Asparagine Glutamine Methionine Valine Glycine Alanine Threonine Leucine Lysine Phenylalanine Serine,MWARPIVTIEGIRAPPQGAECPCNQMWCH,1
46,SynbioEval/23,regular,FALSE,"ATGGGACCT

This DNA sequence translates to the following amino acid sequence:
Met-Gly-Pro",MGP,1
47,SynbioEval/23,cot,FALSE,The protein sequence would be MGT.,MGP,1
48,SynbioEval/24,regular,FALSE,"ATGGGACCTCGTTATGATTCCTTTGGGACATAA

Translation:
Met Gly Pro Arg Tyr Asp Ser Phe Gly Thr

One-letter amino acid code:
MGPYDSFGT",MGPRYDSFGT,1
49,SynbioEval/24,cot,FALSE,MGRYMIPLWNGT,MGPRYDSFGT,1
50,SynbioEval/25,regular,FALSE,AGTGCCATG,AGUGCCAUG,1
51,SynbioEval/25,cot,FALSE,TACGGTACA,AGUGCCAUG,1
52,SynbioEval/26,regular,FALSE,ATCCGATTTGCAATCGAAC,AUCCGAUUUGCAAUCGAAC,1
53,SynbioEval/26,cot,FALSE,"The given sequence is ""ATCCGATTTGCAATCGAAC"".",AUCCGAUUUGCAAUCGAAC,1
54,SynbioEval/27,regular,FALSE,TTCGTTACGGATCCGTTAAACGATTACGAACGTT,UUCGUUACGGAUCCGUUAAACGAUUACGAACGUU,1
55,SynbioEval/27,cot,FALSE,The given sequence is TTCGTTACGGATCCGTTAAACGATTACGAACGTT.,UUCGUUACGGAUCCGUUAAACGAUUACGAACGUU,1
56,SynbioEval/28,regular,TRUE,Methane,Methane,1
57,SynbioEval/28,cot,TRUE,Methane,Methane,1
58,SynbioEval/29,regular,FALSE,CCO,Ethanol,1
59,SynbioEval/29,cot,FALSE,CCO,Ethanol,1
60,SynbioEval/30,regular,FALSE,12,10,1
61,SynbioEval/30,cot,FALSE,14,10,1
62,SynbioEval/0,regular,FALSE,B. E. coli cells have a chromosome.,D. E. coli cells have a peptidoglycan layer between the inner and outer membranes.,2
63,SynbioEval/0,cot,FALSE,B. E. coli cells have a chromosome.,D. E. coli cells have a peptidoglycan layer between the inner and outer membranes.,2
64,SynbioEval/1,regular,FALSE,"A. They contribute to nucleic acid, polysaccharide and polypeptide chain growth.",B. These reactions are exergonic.,2
65,SynbioEval/1,cot,FALSE,D. These reactions are restricted to the lysosome.,B. These reactions are exergonic.,2
66,SynbioEval/2,regular,TRUE,C. Uridine 5’ triphosphate,C. Uridine 5’ triphosphate,2
67,SynbioEval/2,cot,TRUE,C. Uridine 5’ triphosphate,C. Uridine 5’ triphosphate,2
68,SynbioEval/3,regular,TRUE,C. 64,C. 64,2
69,SynbioEval/3,cot,FALSE,64,C. 64,2
70,SynbioEval/4,regular,TRUE,"A. DNA polymerase starts a new chain from a 3’OH primer terminus, RNA polymerase does not."," A. DNA polymerase starts a new chain from a 3’OH primer terminus, RNA polymerase does not.",2
71,SynbioEval/4,cot,FALSE,"A. DNA polymerase starts a new chain from a 3’OH primer terminus, RNA polymerase does not."," A. DNA polymerase starts a new chain from a 3’OH primer terminus, RNA polymerase does not.",2
72,SynbioEval/5,regular,TRUE,B. Both parental strands will have one new strand that grows continuously and one that grows discontinuously.,B. Both parental strands will have one new strand that grows continuously and one that grows discontinuously.,2
73,SynbioEval/5,cot,TRUE,B. Both parental strands will have one new strand that grows continuously and one that grows discontinuously.,B. Both parental strands will have one new strand that grows continuously and one that grows discontinuously.,2
74,SynbioEval/6,regular,FALSE,A. 8%,C. 10%,2
75,SynbioEval/6,cot,FALSE,50%,C. 10%,2
76,SynbioEval/7,regular,FALSE,C. In the promoter near the transcription start site,B. It can be hundreds or thousands of base pairs away from the core promoter sequence,2
77,SynbioEval/7,cot,FALSE,C. In the promoter near the transcription start site,B. It can be hundreds or thousands of base pairs away from the core promoter sequence,2
78,SynbioEval/8,regular,FALSE,B. RNA interference (RNAi),D. All of the above,2
79,SynbioEval/8,cot,FALSE,"1. The function of a gene is to provide the instructions for making a specific protein or RNA molecule, which in turn contributes to the structure and function of cells and organisms.
2. The function of a gene can be determined through various methods such as gene knockout or knockdown experiments, gene expression analysis, and functional assays.
3. Tools that can be used to analyze the phenotype resulting from gene knockout or knockdown include microscopy, biochemical assays, and genetic screening techniques such as CRISPR/Cas9.",D. All of the above,2
80,SynbioEval/9,regular,TRUE,D. All of the above.,D. All of the above.,2
81,SynbioEval/9,cot,FALSE,C. They are easy to detect with molecular biology techniques such as gel electrophoresis or DNA sequencing.,D. All of the above.,2
82,SynbioEval/10,regular,TRUE,C. Positional cloning,C. Positional cloning,2
83,SynbioEval/10,cot,FALSE,"Positional cloning is a technique used in genetics to identify and isolate a gene by its position on a chromosome, rather than by its function or protein product. This method involves mapping the location of a gene to a specific region of a chromosome and then isolating and sequencing the DNA in that region to identify the gene of interest. This approach has been used to identify genes associated with various genetic disorders and traits.",C. Positional cloning,2
84,SynbioEval/11,regular,FALSE,B. Alter a DNA (enhancer) element that is the binding site for a transcription factor that functions as a negative regulator of the gene.,D. All of the above.,2
85,SynbioEval/11,cot,FALSE,B. Alter a DNA (enhancer) element that is the binding site for a transcription factor that functions as a negative regulator of the gene.,D. All of the above.,2
86,SynbioEval/12,regular,FALSE,A. Evaluation of chromosomes taken from fetal cells at the interphase stage of the cell cycle.,D. Evaluation of chromosomes taken from fetal cells in the mitotic phase of the cell cycle. ,2
87,SynbioEval/12,cot,TRUE,D. Evaluation of chromosomes taken from fetal cells in the mitotic phase of the cell cycle.,D. Evaluation of chromosomes taken from fetal cells in the mitotic phase of the cell cycle. ,2
88,SynbioEval/13,regular,TRUE,B. Membrane fusion,B. Membrane fusion ,2
89,SynbioEval/13,cot,FALSE,"Membrane fusion is the process by which two lipid bilayers merge into a single continuous bilayer. This process is essential for various cellular functions, including the fusion of vesicles with the plasma membrane during exocytosis and the fusion of viral membranes with host cell membranes during viral entry. Membrane fusion is mediated by specific proteins, such as SNARE proteins, that bring the two membranes into close proximity and facilitate their fusion. This process is tightly regulated and requires precise coordination of protein interactions and lipid rearrangements.",B. Membrane fusion ,2
90,SynbioEval/14,regular,TRUE,A. The nucleolus,A. The nucleolus,2
91,SynbioEval/14,cot,TRUE,A. The nucleolus,A. The nucleolus,2
92,SynbioEval/15,regular,TRUE,GCA,GCA,2
93,SynbioEval/15,cot,FALSE,ACG,GCA,2
94,SynbioEval/16,regular,FALSE,GTAACAATTGCGGCA,GTAACAATTCGGCA,2
95,SynbioEval/16,cot,FALSE,GTAACAATTGCCAT,GTAACAATTCGGCA,2
96,SynbioEval/17,regular,FALSE,CACGGATAACGGGTAAAGTCACGGATAACGGGTAAGAACGGATAACGG,CACGGATAACGAACGGGTAAAGTCACGGATAACGGGTAAAGTCACGGAT,2
97,SynbioEval/17,cot,FALSE,CACGGTAAACGTTCCGTTCACGGTAAACGTTCCGTTGCTTCCGTTCA,CACGGATAACGAACGGGTAAAGTCACGGATAACGGGTAAAGTCACGGAT,2
98,SynbioEval/18,regular,FALSE,TTATTTAACCTTCAAAGGTTAACATGAGCCGCGGCATGTGCTTCCAGCTTGACTGTAAAGCCTTTTGCACCTTTGGCCAAGGTCCTCACAATTTGATGTTCTACGACATGATTCGGGGCAGTGTGACCGGCTTCTCTGTTTTGTAAGTGGAGTGAAATTGGCATCTGTGAGAACCACCTTCGAGCATAGAAGAACATAGTCACGTCACCTCTTAGCACCTCTTTAGACACAGTCATTTTTTCGAAGGACTTATCCCAGTCAATGGTCTTCTTTTCATTACGGGTCCATCAGCGGGAAAGTTTACGCCATGAAAGATGGATTTGTGGATGAAGCAATTTCCTTCGAGTCGAATGTTCCAGCTGGCTGTAGCAACTGCTCCATCCTCAAATAGAAATGACCTTTCATATGACATTCCATCTGGGAATGCTTGAAATAGTCAGGCATGTCTGCCGGGTACTTTGTGAAGCAACGGTTTCCATATTGAAAGACTGATGACAGTATCAAAGGAGAATGGAAGGGGTTTTCCCGCAGGCTTGATGATCACTAATTCGGACATCTGTTTCCCTTCGTAAGGGTACCAGTTCCTACACCTTCGATCGTAAATTCATGGCCATTGACACTGCCTTCCATATGGTATTTCGTCTTCATTTCTTGTACGATGCCATGCTTTGAATAAGACAT,TTATTTAACCTTCAAAGGGTTAACATGAGCCGCGGCATGTGCTTCCAGCTTGACTGTAAAGCCTTTTGCACTTTGGCCAAGGTCGGTCCTCACAATTTGATGTTCTACGACATGATTCGGGGGCAGTGTGACCGGCTTCTCTGTTTTGTAAGTGGAGTGAAATTGGCATCTGTGAGAACCACCTCCTTCGAGCATAAGAAACATAGTCACGTCACCTCTTAGCACCTCTTTAGACACAGTCATTTTTTCGAAGGACTTATCCCAGTCAATGGTCTTCTTTTTCATTACGGGTCCATCAGCGGGAAAGTTTACGCCATGAAAGATGGATTTGTGGATGAAGCAATTTCCTTCGAGTCGAATGTTCCAGCTGGCTGTAGCAACTGCTCCATCCTCAAATAGAAATGACCTTTCATATGACATTCCATCTGGGAATGCTTGCTTGAAATAGTCAGGCATGTCTGCCGGGTACTTTGTGAAGCAACGGTTTCCATATTGAAAGACTGATGACAGTATGTCAAAGGAGAATGGAAGGGGTTTTCCCGCAGGCTTGATGATCACTAATTCGGACATCTGTTTCCCTTCGTAAGGGTACCCAGTTCCTACACCTTCGATCGTAAATTCATGGCCATTGACACTGCCTTCCATATGGTATTTCGTCTTCATTTCTTGTACGATGCCATGCTTTGAATAAGACAT,2
99,SynbioEval/18,cot,FALSE,TTCATACAGACATTTGAATAAGACATTTGAATAAGACATTTGAATAAGACATTTGAATAAGACATTTGAATAAGACATTTGAATAAGACATTTGAATAAGACATTTGAATAAGACATTTGAATAAGACATTTGAATAAGACATTTGAATAAGACATTTGAATAAGACATTTGAATAAGACATTTGAATAAGACATTTGAATAAGACATTTGAATAAGACATTTGAATAAGACATTTGAATAAGACATTTGAATAAGACATTTGAATAAGACATTTGAATAAGACATTTGAATAAGACATTTGAATAAGACATTTGAATAAGACATTTGAATAAGACATTTGAATAAGACATTTGAATAAGACATTTGAATAAGACATTTGAATAAGACATTTGAATAAGACATTTGAATAAGACATTTGAATAAGACATTTGAATAAGACATTTGAATAAGACATTTGAATAAGACATTTGAATAAGACATTTGAATAAGACATTTGAATAAGACATTTGAATAAGACATTTGAATAAGACATTTGAATAAGACATTTGAATAAGACATTTGAATAAGACATTTGAATAAGACATTTGAATAAGACATTTGAATAAGACATTTGAATAAGACATTTGAATAAGACATTTGAATAAGACATTTGAATAAGACATTTGAATAAGACATTTGAATAAGACATTTGAATAAGACATTTGAATAAGACATTTGAATAAGACATTTGAATAAGACATTTGAATAAGACATTTGAATAAGACATTTGAATAAGACATTTGAATAAGACATTTGAATAAGACATTTGAATAAGACATTTGAATAAGACATTTGAATAAGACATTTGAATAAGACATTTGAATAAGACATTTGAATAAGACATTTGAATAAGACATTTGAATAAGACATTTGAATAAGACATTTGAATAAGACATTTGAATAAGACATTTGAATAAGACATTTGAATAAGACATTTGAATAAGACATTTGAATAAGACATTTGAATAAGACATTTGAATAAGACATTTGAATAAGACATTTGAATAAGACATTTGAATAAGACATTTGAATAAGACATTTGAATAAGACATTTGAATAAGACATTTGAATAAGACATTTGAATAAGACATTTGAATAAGACATTTGAATAAGACATTTGAATAAGACATTTGAATAAGACATTTGAATAAGACATTTGAATAAGACATTTGAATAAGACATTTGAATAAGACATTTGAATAAGACATTTGAATAAGACATTTGAATAAGACATTTGAATAAGACATTTGAATAAGACATTTGAATAAGACATTTGAATAAGACATTTGAATAAGACATTTGAATAAGACATTTGAATAAGACATTTGAATAAGACATTTGAATAAGACATTTGAATAAGACATTTGAATAAGACATTTGAATAAGACATTTGAATAAGACATTTGAATAAGACATTTGAATAAGACATTTGAATAAGACATTTGAATAAGACATTTGAATAAGACATTTGAATAAGACATTTGAATAAGACATTTGAATAAGACATTTGAATAAGACATTTGAATAAGACATTTGAATAAGACATTTGAATAAGACATTTGAATAAGACATTTGAATAAGACATTTGAATAAGACATTTGAATAAGACATTTGAATAAGACATTTGAATAAGACATTTGAATAAGACATTTGAATAAGACATTTGAATAAGACATTTGAATAAGACATTTGAATAAGACATTTGAATAAGACATTTGAATAAGACATTTGAATAAGACATTTGAATAAGACATTTGAATAAGACATTTGAATAAGACATTTGAATAAGACATTTGAATAAGACATTTGAATAAGACATTTGAATAAGACATTTGAATAAGACATTTGAATAAGACATTTGAATAAGACATTTGAATAAGACATTTGAATAAGACATTTGAATAAGACATTTGAATAAGACATTTGAATAAGACATTTGAATAAGACATTTGAATAAGACATTTGAATAAGACATTTGAATAAGACATTTGAATAAGACATTTGAATAAGACATTTGAATAAGACATTTGAATAAGACATTTGAATAAGACATTTGAATAAGACATTTGAATAAGACATTTGAATAAGACATTTGAATAAGACATTTGAATAAGACATTTGAATAAGACATTTGAATAAGACATTTGAATAAGACATTTGAATAAGACATTTGAATAAGACATTTGAATAAGACATTTGAATAAGACATTTGAATAAGACATTTGAATAAGACATTTGAATAAGACATTTGAATAAGACATTTGAATAAGACATTTGAATAAGACATTTGAATAAGACATTTGAATAAGACATTTGAATAAGACATTTGAATAAGACATTTGAATAAGACATTTGAATAAGACATTTGAATAAGACATTTGAATAAGACATTTGAATAAGACATTTGAATAAGACATTTGAATAAGACATTTGAATAAGACATTTGAATAAGACATTTGAATAAGACATTTGAATAAGACATTTGAATAAGACATTTGAATAAGACATTTGAATAAGACATTTGAATAAGACATTTGAATAAGACATTTGAATAAGACATTTGAATAAGACATTTGAATAAGACATTTGAATAAGACATTTGAATAAGACATTTGAATAAGACATTTGAATAAGACATTTGAATAAGACATTTGAATAAGACATTTGAATAAGACATTTGAATAAGACATTTGAATAAGACATTTGAATAAGACATTTGAATAAGACATTTGAATAAGACATTTGAATAAGACATTTGAATAAGACATTTGAATAAGACATTTGAATAAGACATTTGAATAAGACATTTGAATAAGACATTTGAATAAGACATTTGAATAAGACATTTGAATAAGACATTTGAATAAGACATTTGAATAAGACATTTGAATAAGACATTTGAATAAGACATTTGAATAAGACATTTGAATAAGACATTTGAATAAGACATTTGAATAAGACATTTGAATAAGACATTTGAATAAGACATTTGAATAAGACATTTGAATAAGACATTTGAATAAGACATTTGAATAAGACATTTGAATAAGACATTTGAATAAGACATTTGAATAAGACATTTGAATAAGACATTTGAATAAGACATTTGAATAAGACATTTGAATAAGACATTTGAATAAGACATTTGAATAAGACATTTGAATAAGACATTTGAATAAGACATTTGAATAAGACATTTGAATAAGACATTTGAATAAGACATTTGAATAAGACATTTGAATAAGACATTTGAATAAGACATTTGAATAAGACATTTGAATAAGACATTTGAATAAGACATTTGAATAAGACATTTGAATAAGACATTTGAATAAGACATTTGAATAAGACATTTGAATAAGACATTTGAATAAGACATTTGAATAAGACATTTGAATAAGACATTTGAATAAGACATTTGAATAAGACATTTGAATAAGACATTTGAATAAGACATTTGAATAAGACATTTGAATAAGACATTTGAATAAGACATTTGAATAAGACATTTGAATAAGACATTTGAATAAGACATTTGAATAAGACATTTGAATAAGACATTTGAATAAGACATTTGAATAAGACATTTGAATAAGACATTTGAATAAGACATTTGAATAAGACATTTGAATAAGACATTTGAATAAGACATTTGAATAAGACATTTGAATAAGACATTTGAATAAGACATTTGAATAAGACATTTGAATAAGACATTTGAATAAGACATTTGAATAAGACATTTGAATAAGACATTTGAATAAGACATTTGAATAAGACATTTGAATAAGACATTTGAATAAGACATTTGAATAAGACATTTGAATAAGACATTTGAATAAGACATTTGAATAAGACATTTGAATAAGACATTTGAATAAGACATTTGAATAAGACATTTGAATAAGACATTTGAATAAGACATTTGAATAAGACATTTGAATAAGACATTTGAATAAGACATTTGAATAAGACATTTGAATAAGACATTTGAATAAGACATTTGAATAAGACATTTGAATAAGACATTTGAATAAGACATTTGAATAAGACATTTGAATAAGACATTTGAATAAGACATTTGAATAAGACATTTGAATAAGACATTTGAATAAGACATTTGAATAAGACATTTGAATAAGACATTTGAATAAGACATTTGAATAAGACATTTGAATAAGACATTTGAATAAGACATTTGAATAAGACATTTGAATAAGACATTTGAATAAGACATTTGAATAAGACATTTGAATAAGACATTTGAATAAGACATTTGAATAAGACATTTGAATAAGACATTTGAATAAGACATTTGAATAAGACATTTGAATAAGACATTTGAATAAGACATTTGAATAAGACATTTGAATAAGACATTTGAATAAGACATTTGAATAAGACATTTGAATAAGACATTTGAATAAGACATTTGAATAAGACATTTGAATAAGACATTTGAATAAGACATTTGAATAAGACATTTGAATAAGACATTTGAATAAGACATTTGAATAAGACATTTGAATAAGACATTTGAATAAGACATTTGAATAAGACATTTGAATAAGACATTTGAATAAGACATTTGAATAAGACATTTGAATAAGACATTTGAATAAGACATTTGAATAAGACATTTGAATAAGACATTTGAATAAGACATTTGAATAAGACATTTGAATAAGACATTTGAATAAGACATTTGAATAAGACATTTGAATAAGACATTTGAATAAGACATTTGAATAAGACATTTGAATAAGACATTTGAATAAGACATTTGAATAAGACATTTGAATAAGACATTTGAATAAGACATTTGAATAAGACATTTGAATAAGACATTTGAATAAGACATTTGAATAAGACATTTGAATAAGACATTTGAATAAGACATTTGAATAAGACATTTGAATAAGACATTTGAATAAGACATTTGAATAAGACATTTGAATAAGACATTTGAATAAGACATTTGAATAAGACATTTGAATAAGACATTTGAATAAGACATTTGAATAAGACATTTGAATAAGACATTTGAATAAGACATTTGAATAAGACATTTGAATAAGACATTTGAATAAGACATTTGAATAAGACATTTGAATAAGACATTTGAATAAGACATTTGAATAAGACATTTGAATAAGACATTTGAATAAGACATTTGAATAAGACATTTGAATAAGACATTTGAATAAGACATTTGAATAAGACATTTGAATAAGACATTTGAATAAGACATTTGAATAAGACATTTGAATAAGACATTTGAATAAGACATTTGAATAAGACATTTGAATAAGACATTTGAATAAGACATTTGAATAAGACATTTGAATAAGACATTTGAATAAGACATTTGAATAAGACATTTGAATAAGACATTTGAATAAGACATTTGAATAAGACATTTGAATAAGACATTTGAATAAGACATTTGAATAAGACATTTGAATAAGACATTTGAATAAGACATTTGAATAAGACATTTGAATAAGACATTTGAATAAGACATTTGAATAAGACATTTGAATAAGACATTTGAATAAGACATTTGAATAAGACATTTGAATAAGACATTTGAATAAGACATTTGAATAAGACATTTGAATAAGACATTTGAATAAGACATTTGAATAAGACATTTGAATAAGACATTTGAATAAGACATTTGAATAAGACATTTGAATAAGACATTTGAATAAGACATTTGAATAAGACATTTGAATAAGACATTTGAATAAGACATTTGAATAAGACATTTGAATAAGACATTTGAATAAGACATTTGAATAAGACATTTGAATAAGACATTTGAATAAGACATTTGAATAAGACATTTGAATAAGACATTTGAATAAGACATTTGAATAAGACATTTGAATAAGACATTTGAATAAGACATTTGAATAAGACATTTGAATAAGACATTTGAATAAGACATTTGAATAAGACATTTGAATAAGACATTTGAATAAGACATTTGAATAAGACATTTGAATAAGACATTTGAATAAGACATTTGAATAAGACATTTGAATAAGACATTTGAATAAGACATTTGAATAAGACATTTGAATAAGACATTTGAATAAGACATTTGAATAAGACATTTGAATAAGACATTTGAATAAGACATTTGAATAAGACATTTGAATAAGACATTTGAATAAGACATTTGAATAAGACATTTGAATAAGACATTTGAATAAGACATTTGAATAAGACATTTGAATAAGACATTTGAATAAGACATTTGAATAAGACATTTGAATAAGACATTTGAATAAGACATTTGAATAAGACATTTGAATAAGACATTTGAATAAGACATTTGAATAAGACATTTGAATAAGACATTTGAATAAGACATTTGAATAAGACATTTGAATAAGACATTTGAATAAGACATTTGAATAAGACATTTGAATAAGACATTTGAATAAGACATTTGAATAAGACATTTGAATAAGACATTTGAATAAGACATTTGAATAAGACATTTGAATAAGACATTTGAATAAGACATTTGAATAAGACATTTGAATAAGACATTTGAATAAGACATTTGAATAAGACATTTGAATAAGACATTTGAATAAGACATTTGAATAAGACATTTGAATAAGACATTTGAATAAGACATTTGAATAAGACATTTGAATAAGACATTTGAATAAGACATTTGAATAAGACATTTGAATAAGACATTTGAATAAGACATTTGAATAAGACATTTGAATAAGACATTTGAATAAGACATTTGAATAAGACATTTGAATAAGACATTTGAATAAGACATTTGAATAAGACATTTGAATAAGACATTTGAATAAGACATTTGAATAAGACATTTGAATAAGACATTTGAATAAGACATTTGAATAAGACATTTGAATAAGACATTTGAATAAGACATTTGAATAAGACATTTGAATAAGACATTTGAATAAGACATTTGAATAAGACATTTGAATAAGACATTTGAATAAGACATTTGAATAAGACATTTGAATAAGACATTTGAATAAGACATTTGAATAAGACATTTGAATAAGACATTTGAATAAGACATTTGAATAAGACATTTGAATAAGACATTTGAATAAGACATTTGAATAAGACATTTGAATAAGACATTTGAATAAGACATTTGAATAAGACATTTGAATAAGACATTTGAATAAGACATTTGAATAAGACATTTGAATAAGACATTTGAATAAGACATTTGAATAAGACATTTGAATAAGACATTTGAATAAGACATTTGAATAAGACATTTGAATAAGACATTTGAATAAGACATTTGAATAAGACATTTGAATAAGACATTTGAATAAGACATTTGAATAAGACATTTGAATAAGACATTTGAATAAGACATTTGAATAAGACATTTGAATAAGACATTTGAATAAGACATTTGAATAAGACATTTGAATAAGACATTTGAATAAGACATTTGAATAAGACATTTGAATAAGACATTTGAATAAGACATTTGAATAAGACATTTGAATAAGACATTTGAATAAGACATTTGAATAAGACATTTGAATAAGACATTTGAATAAGACATTTGAATAAGACATTTGAATAAGACATTTGAATAAGACATTTGAATAAGACATTTGAATAAGACATTTGAATAAGACATTTGAATAAGACATTTGAATAAGACATTTGAATAAGACATTTGAATAAGACATTTGAATAAGACATTTGAATAAGACATTTGAATAAGACATTTGAATAAGACATTTGAATAAGACATTTGAATAAGACATTTGAATAAGACATTTGAATAAGACATTTGAATAAGACATTTGAATAAGACATTTGAATAAGACATTTGAATAAGACATTTGAATAAGACATTTGAATAAGACATTTGAATAAGACATTTGAATAAGACATTTGAATAAGACATTTGAATAAGACATTTGAATAAGACATTTGAATAAGACATTTGAATAAGACATTTGAATAAGACATTTGAATAAGACATTTGAATAAGACATTTGAATAAGACATTTGAATAAGACATTTGAATAAGACATTTGAATAAGACATTTGAATAAGACATTTGAATAAGACATTTGAATAAGACATTTGAATAAGACATTTGAATAAGACATTTGAATAAGACATTTGAATAAGACATTTGAATAAGACATTTGAATAAGACATTTGAATAAGACATTTGAATAAGACATTTGAATAAGACATTTGAATAAGACATTTGAATAAGACATTTGAATAAGACATTTGAATAAGACATTTGAATAAGACATTTGAATAAGACATTTGAATAAGACATTTGAATAAGACATTTGAATAAGACATTTGAATAAGACATTTGAATAAGACATTTGAATAAGACATTTGAATAAGACATTTGAATAAGACATTTGAATAAGACATTTGAATAAGACATTTGAATAAGACATTTGAATAAGACATTTGAATAAGACATTTGAATAAGACATTTGAATAAGACATTTGAATAAGACATTTGAATAAGACATTTGAATAAGACATTTGAATAAGACATTTGAATAAGACATTTGAATAAGACATTTGAATAAGACATTTGAATAAGACATTTGAATAAGACATTTGAATAAGACATTTGAATAAGACATTTGAATAAGACATTTGAATAAGACATTTGAATAAGACATTTGAATAAGACATTTGAATAAGACATTTGAATAAGACATTTGAATAAGACATTTGAATAAGACATTTGAATAAGACATTTGAATAAGACATTTGAATAAGACATTTGAATAAGACATTTGAATAAGACATTTGAATA,TTATTTAACCTTCAAAGGGTTAACATGAGCCGCGGCATGTGCTTCCAGCTTGACTGTAAAGCCTTTTGCACTTTGGCCAAGGTCGGTCCTCACAATTTGATGTTCTACGACATGATTCGGGGGCAGTGTGACCGGCTTCTCTGTTTTGTAAGTGGAGTGAAATTGGCATCTGTGAGAACCACCTCCTTCGAGCATAAGAAACATAGTCACGTCACCTCTTAGCACCTCTTTAGACACAGTCATTTTTTCGAAGGACTTATCCCAGTCAATGGTCTTCTTTTTCATTACGGGTCCATCAGCGGGAAAGTTTACGCCATGAAAGATGGATTTGTGGATGAAGCAATTTCCTTCGAGTCGAATGTTCCAGCTGGCTGTAGCAACTGCTCCATCCTCAAATAGAAATGACCTTTCATATGACATTCCATCTGGGAATGCTTGCTTGAAATAGTCAGGCATGTCTGCCGGGTACTTTGTGAAGCAACGGTTTCCATATTGAAAGACTGATGACAGTATGTCAAAGGAGAATGGAAGGGGTTTTCCCGCAGGCTTGATGATCACTAATTCGGACATCTGTTTCCCTTCGTAAGGGTACCCAGTTCCTACACCTTCGATCGTAAATTCATGGCCATTGACACTGCCTTCCATATGGTATTTCGTCTTCATTTCTTGTACGATGCCATGCTTTGAATAAGACAT,2
100,SynbioEval/19,regular,FALSE,MGGSer,MGS,2
101,SynbioEval/19,cot,FALSE,"Methionine, Glycine, Serine",MGS,2
102,SynbioEval/20,regular,FALSE,MGGSLKRGD,MGRS,2
103,SynbioEval/20,cot,FALSE,The protein sequence is MGGSLKTKTGR.,MGRS,2
104,SynbioEval/21,regular,FALSE,MGRWGGPSLYPQFYT,MGKFGILIIPLKVTF,2
105,SynbioEval/21,cot,FALSE,M G A F F Y S P Y S P,MGKFGILIIPLKVTF,2
106,SynbioEval/22,regular,FALSE,MCGARLWRSVYRSDRPSVPTQ*,MWARPIVTIEGIRAPPQGAECPCNQMWCH,2
107,SynbioEval/22,cot,FALSE,Methionine-Tryptophan-Glutamine-Glycine-Arginine-Leucine-Leucine-Arginine-Tyrosine-Arginine-Histidine-Histidine-Arginine-Lysine-Valine-Proline-Asparagine-Valine-Proline-Alanine-Threonine-Arginine-Cysteine-Asparagine-Valine-Proline-Glutamine-Serine,MWARPIVTIEGIRAPPQGAECPCNQMWCH,2
108,SynbioEval/23,regular,FALSE,"ATGGGACCT

Translation:
Met-Gly-Pro",MGP,2
109,SynbioEval/23,cot,FALSE,The translated protein sequence is MGY.,MGP,2
110,SynbioEval/24,regular,FALSE,"ATGGGACCTCGTTATGATTCCTTTGGGACATAA

Translation:
Met Gly Pro Arg Tyr Asp Ser Phe Gly Thr

One-letter amino acid code:
MGPYDSFGT",MGPRYDSFGT,2
111,SynbioEval/24,cot,FALSE,The protein sequence is: MGRYMIPLWNGT,MGPRYDSFGT,2
112,SynbioEval/25,regular,FALSE,AGTGCCATG,AGUGCCAUG,2
113,SynbioEval/25,cot,FALSE,TACGGTACA,AGUGCCAUG,2
114,SynbioEval/26,regular,FALSE,ATCCGATTTGCAATCGAAC,AUCCGAUUUGCAAUCGAAC,2
115,SynbioEval/26,cot,FALSE,TAGGCTAAACGTTAGCTTG,AUCCGAUUUGCAAUCGAAC,2
116,SynbioEval/27,regular,FALSE,TTCGTTACGGATCCGTTAAACGATTACGAACGTT,UUCGUUACGGAUCCGUUAAACGAUUACGAACGUU,2
117,SynbioEval/27,cot,FALSE,The given sequence is TTCGTTACGGATCCGTTAAACGATTACGAACGTT.,UUCGUUACGGAUCCGUUAAACGAUUACGAACGUU,2
118,SynbioEval/28,regular,TRUE,Methane,Methane,2
119,SynbioEval/28,cot,TRUE,Methane,Methane,2
120,SynbioEval/29,regular,FALSE,CCO,Ethanol,2
121,SynbioEval/29,cot,FALSE,CCO,Ethanol,2
122,SynbioEval/30,regular,FALSE,12,10,2
123,SynbioEval/30,cot,FALSE,17 Hydrogens,10,2
124,SynbioEval/0,regular,FALSE,B. E. coli cells have a chromosome.,D. E. coli cells have a peptidoglycan layer between the inner and outer membranes.,3
125,SynbioEval/0,cot,FALSE,B. E. coli cells have a chromosome.,D. E. coli cells have a peptidoglycan layer between the inner and outer membranes.,3
126,SynbioEval/1,regular,FALSE,"A. They contribute to nucleic acid, polysaccharide and polypeptide chain growth.",B. These reactions are exergonic.,3
127,SynbioEval/1,cot,FALSE,"A. They contribute to nucleic acid, polysaccharide and polypeptide chain growth.",B. These reactions are exergonic.,3
128,SynbioEval/2,regular,TRUE,C. Uridine 5’ triphosphate,C. Uridine 5’ triphosphate,3
129,SynbioEval/2,cot,TRUE,C. Uridine 5’ triphosphate,C. Uridine 5’ triphosphate,3
130,SynbioEval/3,regular,TRUE,C. 64,C. 64,3
131,SynbioEval/3,cot,FALSE,64,C. 64,3
132,SynbioEval/4,regular,TRUE,"A. DNA polymerase starts a new chain from a 3’OH primer terminus, RNA polymerase does not."," A. DNA polymerase starts a new chain from a 3’OH primer terminus, RNA polymerase does not.",3
133,SynbioEval/4,cot,FALSE,"A. DNA polymerase starts a new chain from a 3’OH primer terminus, RNA polymerase does not."," A. DNA polymerase starts a new chain from a 3’OH primer terminus, RNA polymerase does not.",3
134,SynbioEval/5,regular,TRUE,B. Both parental strands will have one new strand that grows continuously and one that grows discontinuously.,B. Both parental strands will have one new strand that grows continuously and one that grows discontinuously.,3
135,SynbioEval/5,cot,TRUE,B. Both parental strands will have one new strand that grows continuously and one that grows discontinuously.,B. Both parental strands will have one new strand that grows continuously and one that grows discontinuously.,3
136,SynbioEval/6,regular,FALSE,A. 8%,C. 10%,3
137,SynbioEval/6,cot,FALSE,50%,C. 10%,3
138,SynbioEval/7,regular,FALSE,C. In the promoter near the transcription start site,B. It can be hundreds or thousands of base pairs away from the core promoter sequence,3
139,SynbioEval/7,cot,FALSE,C. In the promoter near the transcription start site,B. It can be hundreds or thousands of base pairs away from the core promoter sequence,3
140,SynbioEval/8,regular,FALSE,B. RNA interference (RNAi),D. All of the above,3
141,SynbioEval/8,cot,FALSE,"1. The function of a gene is to carry instructions for making a specific protein or RNA molecule, which in turn plays a role in the structure or function of the organism.
2. The function of a gene can be determined through various methods such as gene knockout or knockdown experiments, gene expression analysis, and studying the phenotype resulting from gene mutations.
3. Tools that can be used to analyze the phenotype resulting from gene knockout or knockdown include microscopy, biochemical assays, and behavioral assays in model organisms. Additionally, techniques such as RNA sequencing and proteomics can also be used to analyze changes in gene expression and protein levels.",D. All of the above,3
142,SynbioEval/9,regular,TRUE,D. All of the above.,D. All of the above.,3
143,SynbioEval/9,cot,FALSE,C. They are easy to detect with molecular biology techniques such as gel electrophoresis or DNA sequencing.,D. All of the above.,3
144,SynbioEval/10,regular,TRUE,C. Positional cloning,C. Positional cloning,3
145,SynbioEval/10,cot,FALSE,"Positional cloning is a technique used in genetics to identify and isolate a gene responsible for a particular trait or disease by mapping its position on a chromosome. This involves identifying genetic markers near the gene of interest and narrowing down its location through a process of elimination. Once the gene is located, it can be studied and potentially used for therapeutic or diagnostic purposes.",C. Positional cloning,3
146,SynbioEval/11,regular,FALSE,B. Alter a DNA (enhancer) element that is the binding site for a transcription factor that functions as a negative regulator of the gene.,D. All of the above.,3
147,SynbioEval/11,cot,FALSE,B. Alter a DNA (enhancer) element that is the binding site for a transcription factor that functions as a negative regulator of the gene.,D. All of the above.,3
148,SynbioEval/12,regular,FALSE,A. Evaluation of chromosomes taken from fetal cells at the interphase stage of the cell cycle.,D. Evaluation of chromosomes taken from fetal cells in the mitotic phase of the cell cycle. ,3
149,SynbioEval/12,cot,TRUE,D. Evaluation of chromosomes taken from fetal cells in the mitotic phase of the cell cycle.,D. Evaluation of chromosomes taken from fetal cells in the mitotic phase of the cell cycle. ,3
150,SynbioEval/13,regular,TRUE,B. Membrane fusion,B. Membrane fusion ,3
151,SynbioEval/13,cot,FALSE,"Membrane fusion is the process by which two lipid bilayers merge into a single continuous bilayer. This process is essential for various cellular functions, including the fusion of vesicles with the plasma membrane during exocytosis and the fusion of viral membranes with host cell membranes during viral entry. Membrane fusion is mediated by specific proteins, such as SNARE proteins, that bring the two membranes into close proximity and facilitate their fusion. This process is tightly regulated and requires precise coordination of protein interactions and lipid rearrangements.",B. Membrane fusion ,3
152,SynbioEval/14,regular,TRUE,A. The nucleolus,A. The nucleolus,3
153,SynbioEval/14,cot,TRUE,A. The nucleolus,A. The nucleolus,3
154,SynbioEval/15,regular,TRUE,GCA,GCA,3
155,SynbioEval/15,cot,TRUE,GCA,GCA,3
156,SynbioEval/16,regular,FALSE,GTAACAATTGGCAGCA,GTAACAATTCGGCA,3
157,SynbioEval/16,cot,FALSE,GTAACAATTGCCGAA,GTAACAATTCGGCA,3
158,SynbioEval/17,regular,FALSE,CACGGATAACGGGTAAAGTCACGGATAACGGGTAAGAACGGATAACGG,CACGGATAACGAACGGGTAAAGTCACGGATAACGGGTAAAGTCACGGAT,3
159,SynbioEval/17,cot,FALSE,ATGGCACTGAAAATGGCACTGAAAATGGCACTGAAAATGCCCACTTGCTTACCGTG,CACGGATAACGAACGGGTAAAGTCACGGATAACGGGTAAAGTCACGGAT,3
160,SynbioEval/18,regular,FALSE,TTATTTAACCTTCAAAGGTTAACATGAGCCGCGGCATGTGCTTCCAGCTTGACTGTAAAGCCTTTTGCACCTTTGGCCAAGGTCCTCACAATTTGATGTTCTACGACATGATTCGGGGCAGTGTGACCGGCTTCTCTGTTTTGTAAGTGGAGTGAAATTGGCATCTGTGAGAACCACCTTCGAGCAGATAAGAACATAGTCACGTCACCTCTTAGCACCTCTTTAGACACAGTCATTTTTTCGAAGGACTTATCCCAGTCAATGGTCTTCTTTTCATTACGGGTCCATCAGCGGGAAAGTTTACGCCATGAAAGATGGATTTGTGGATGAAGCAATTTCCTTCGAGTCGAATGTTCCAGCTGGCTGTAGCAACTGCTCCATCCTCAAATAGAAATGACCTTTCATATGACATTCCATCTGGGAATGCTTGAAATAGTCAGGCATGTCTGCCGGGTACTTTGTGAAGCAACGGTTTCCATATTGAAAGACTGATGACAGTATGTCAAAGGAGAATGGAAGGGGTTTTCCCGCAGGCTTGATGATCACTAATTCGGACATCTGTTTCCCTTCGTAAGGGTACCAGTTCCTACACCTTCGATCGTAAATTCATGGCCATTGACACTGCCTTCCATATGGTATTTCGTCTTCATTTCTTGTACGATGCCATGCTTTGAATAAGACAT,TTATTTAACCTTCAAAGGGTTAACATGAGCCGCGGCATGTGCTTCCAGCTTGACTGTAAAGCCTTTTGCACTTTGGCCAAGGTCGGTCCTCACAATTTGATGTTCTACGACATGATTCGGGGGCAGTGTGACCGGCTTCTCTGTTTTGTAAGTGGAGTGAAATTGGCATCTGTGAGAACCACCTCCTTCGAGCATAAGAAACATAGTCACGTCACCTCTTAGCACCTCTTTAGACACAGTCATTTTTTCGAAGGACTTATCCCAGTCAATGGTCTTCTTTTTCATTACGGGTCCATCAGCGGGAAAGTTTACGCCATGAAAGATGGATTTGTGGATGAAGCAATTTCCTTCGAGTCGAATGTTCCAGCTGGCTGTAGCAACTGCTCCATCCTCAAATAGAAATGACCTTTCATATGACATTCCATCTGGGAATGCTTGCTTGAAATAGTCAGGCATGTCTGCCGGGTACTTTGTGAAGCAACGGTTTCCATATTGAAAGACTGATGACAGTATGTCAAAGGAGAATGGAAGGGGTTTTCCCGCAGGCTTGATGATCACTAATTCGGACATCTGTTTCCCTTCGTAAGGGTACCCAGTTCCTACACCTTCGATCGTAAATTCATGGCCATTGACACTGCCTTCCATATGGTATTTCGTCTTCATTTCTTGTACGATGCCATGCTTTGAATAAGACAT,3
161,SynbioEval/18,cot,FALSE,TATATCCCTTGTCTTCATTTCTTGTACGATGCCATGCTTTGAATAAGACATTTGAAATACTGCCCTTCCATATGGTTTCGTCTTCATTTCTTGTACGATGCCATGCTTTGAATAAGACATTTGAAATACTGCCCTTCCATATGGTTTCGTCTTCATTTCTTGTACGATGCCATGCTTTGAATAAGACATTTGAAATACTGCCCTTCCATATGGTTTCGTCTTCATTTCTTGTACGATGCCATGCTTTGAATAAGACATTTGAAATACTGCCCTTCCATATGGTTTCGTCTTCATTTCTTGTACGATGCCATGCTTTGAATAAGACATTTGAAATACTGCCCTTCCATATGGTTTCGTCTTCATTTCTTGTACGATGCCATGCTTTGAATAAGACATTTGAAATACTGCCCTTCCATATGGTTTCGTCTTCATTTCTTGTACGATGCCATGCTTTGAATAAGACATTTGAAATACTGCCCTTCCATATGGTTTCGTCTTCATTTCTTGTACGATGCCATGCTTTGAATAAGACATTTGAAATACTGCCCTTCCATATGGTTTCGTCTTCATTTCTTGTACGATGCCATGCTTTGAATAAGACATTTGAAATACTGCCCTTCCATATGGTTTCGTCTTCATTTCTTGTACGATGCCATGCTTTGAATAAGACATTTGAAATACTGCCCTTCCATATGGTTTCGTCTTCATTTCTTGTACGATGCCATGCTTTGAATAAGACATTTGAAATACTGCCCTTCCATATGGTTTCGTCTTCATTTCTTGTACGATGCCATGCTTTGAATAAGACATTTGAAATACTGCCCTTCCATATGGTTTCGTCTTCATTTCTTGTACGATGCCATGCTTTGAATAAGACATTTGAAATACTGCCCTTCCATATGGTTTCGTCTTCATTTCTTGTACGATGCCATGCTTTGAATAAGACATTTGAAATACTGCCCTTCCATATGGTTTCGTCTTCATTTCTTGTACGATGCCATGCTTTGAATAAGACATTTGAAATACTGCCCTTCCATATGGTTTCGTCTTCATTTCTTGTACGATGCCATGCTTTGAATAAGACATTTGAAATACTGCCCTTCCATATGGTTTCGTCTTCATTTCTTGTACGATGCCATGCTTTGAATAAGACATTTGAAATACTGCCCTTCCATATGGTTTCGTCTTCATTTCTTGTACGATGCCATGCTTTGAATAAGACATTTGAAATACTGCCCTTCCATATGGTTTCGTCTTCATTTCTTGTACGATGCCATGCTTTGAATAAGACATTTGAAATACTGCCCTTCCATATGGTTTCGTCTTCATTTCTTGTACGATGCCATGCTTTGAATAAGACATTTGAAATACTGCCCTTCCATATGGTTTCGTCTTCATTTCTTGTACGATGCCATGCTTTGAATAAGACATTTGAAATACTGCCCTTCCATATGGTTTCGTCTTCATTTCTTGTACGATGCCATGCTTTGAATAAGACATTTGAAATACTGCCCTTCCATATGGTTTCGTCTTCATTTCTTGTACGATGCCATGCTTTGAATAAGACATTTGAAATACTGCCCTTCCATATGGTTTCGTCTTCATTTCTTGTACGATGCCATGCTTTGAATAAGACATTTGAAATACTGCCCTTCCATATGGTTTCGTCTTCATTTCTTGTACGATGCCATGCTTTGAATAAGACATTTGAAATACTGCCCTTCCATATGGTTTCGTCTTCATTTCTTGTACGATGCCATGCTTTGAATAAGACATTTGAAATACTGCCCTTCCATATGGTTTCGTCTTCATTTCTTGTACGATGCCATGCTTTGAATAAGACATTTGAAATACTGCCCTTCCATATGGTTTCGTCTTCATTTCTTGTACGATGCCATGCTTTGAATAAGACATTTGAAATACTGCCCTTCCATATGGTTTCGTCTTCATTTCTTGTACGATGCCATGCTTTGAATAAGACATTTGAAATACTGCCCTTCCATATGGTTTCGTCTTCATTTCTTGTACGATGCCATGCTTTGAATAAGACATTTGAAATACTGCCCTTCCATATGGTTTCGTCTTCATTTCTTGTACGATGCCATGCTTTGAATAAGACATTTGAAATACTGCCCTTCCATATGGTTTCGTCTTCATTTCTTGTACGATGCCATGCTTTGAATAAGACATTTGAAATACTGCCCTTCCATATGGTTTCGTCTTCATTTCTTGTACGATGCCATGCTTTGAATAAGACATTTGAAATACTGCCCTTCCATATGGTTTCGTCTTCATTTCTTGTACGATGCCATGCTTTGAATAAGACATTTGAAATACTGCCCTTCCATATGGTTTCGTCTTCATTTCTTGTACGATGCCATGCTTTGAATAAGACATTTGAAATACTGCCCTTCCATATGGTTTCGTCTTCATTTCTTGTACGATGCCATGCTTTGAATAAGACATTTGAAATACTGCCCTTCCATATGGTTTCGTCTTCATTTCTTGTACGATGCCATGCTTTGAATAAGACATTTGAAATACTGCCCTTCCATATGGTTTCGTCTTCATTTCTTGTACGATGCCATGCTTTGAATAAGACATTTGAAATACTGCCCTTCCATATGGTTTCGTCTTCATTTCTTGTACGATGCCATGCTTTGAATAAGACATTTGAAATACTGCCCTTCCATATGGTTTCGTCTTCATTTCTTGTACGATGCCATGCTTTGAATAAGACATTTGAAATACTGCCCTTCCATATGGTTTCGTCTTCATTTCTTGTACGATGCCATGCTTTGAATAAGACATTTGAAATACTGCCCTTCCATATGGTTTCGTCTTCATTTCTTGTACGATGCCATGCTTTGAATAAGACATTTGAAATACTGCCCTTCCATATGGTTTCGTCTTCATTTCTTGTACGATGCCATGCTTTGAATAAGACATTTGAAATACTGCCCTTCCATATGGTTTCGTCTTCATTTCTTGTACGATGCCATGCTTTGAATAAGACATTTGAAATACTGCCCTTCCATATGGTTTCGTCTTCATTTCTTGTACGATGCCATGCTTTGAATAAGACATTTGAAATACTGCCCTTCCATATGGTTTCGTCTTCATTTCTTGTACGATGCCATGCTTTGAATAAGACATTTGAAATACTGCCCTTCCATATGGTTTCGTCTTCATTTCTTGTACGATGCCATGCTTTGAATAAGACATTTGAAATACTGCCCTTCCATATGGTTTCGTCTTCATTTCTTGTACGATGCCATGCTTTGAATAAGACATTTGAAATACTGCCCTTCCATATGGTTTCGTCTTCATTTCTTGTACGATGCCATGCTTTGAATAAGACATTTGAAATACTGCCCTTCCATATGGTTTCGTCTTCATTTCTTGTACGATGCCATGCTTTGAATAAGACATTTGAAATACTGCCCTTCCATATGGTTTCGTCTTCATTTCTTGTACGATGCCATGCTTTGAATAAGACATTTGAAATACTGCCCTTCCATATGGTTTCGTCTTCATTTCTTGTACGATGCCATGCTTTGAATAAGACATTTGAAATACTGCCCTTCCATATGGTTTCGTCTTCATTTCTTGTACGATGCCATGCTTTGAATAAGACATTTGAAATACTGCCCTTCCATATGGTTTCGTCTTCATTTCTTGTACGATGCCATGCTTTGAATAAGACATTTGAAATACTGCCCTTCCATATGGTTTCGTCTTCATTTCTTGTACGATGCCATGCTTTGAATAAGACATTTGAAATACTGCCCTTCCATATGGTTTCGTCTTCATTTCTTGTACGATGCCATGCTTTGAATAAGACATTTGAAATACTGCCCTTCCATATGGTTTCGTCTTCATTTCTTGTACGATGCCATGCTTTGAATAAGACATTTGAAATACTGCCCTTCCATATGGTTTCGTCTTCATTTCTTGTACGATGCCATGCTTTGAATAAGACATTTGAAATACTGCCCTTCCATATGGTTTCGTCTTCATTTCTTGTACGATGCCATGCTTTGAATAAGACATTTGAAATACTGCCCTTCCATATGGTTTCGTCTTCATTTCTTGTACGATGCCATGCTTTGAATAAGACATTTGAAATACTGCCCTTCCATATGGTTTCGTCTTCATTTCTTGTACGATGCCATGCTTTGAATAAGACATTTGAAATACTGCCCTTCCATATGGTTTCGTCTTCATTTCTTGTACGATGCCATGCTTTGAATAAGACATTTGAAATACTGCCCTTCCATATGGTTTCGTCTTCATTTCTTGTACGATGCCATGCTTTGAATAAGACATTTGAAATACTGCCCTTCCATATGGTTTCGTCTTCATTTCTTGTACGATGCCATGCTTTGAATAAGACATTTGAAATACTGCCCTTCCATATGGTTTCGTCTTCATTTCTTGTACGATGCCATGCTTTGAATAAGACATTTGAAATACTGCCCTTCCATATGGTTTCGTCTTCATTTCTTGTACGATGCCATGCTTTGAATAAGACATTTGAAATACTGCCCTTCCATATGGTTTCGTCTTCATTTCTTGTACGATGCCATGCTTTGAATAAGACATTTGAAATACTGCCCTTCCATATGGTTTCGTCTTCATTTCTTGTACGATGCCATGCTTTGAATAAGACATTTGAAATACTGCCCTTCCATATGGTTTCGTCTTCATTTCTTGTACGATGCCATGCTTTGAATAAGACATTTGAAATACTGCCCTTCCATATGGTTTCGTCTTCATTTCTTGTACGATGCCATGCTTTGAATAAGACATTTGAAATACTGCCCTTCCATATGGTTTCGTCTTCATTTCTTGTACGATGCCATGCTTTGAATAAGACATTTGAAATACTGCCCTTCCATATGGTTTCGTCTTCATTTCTTGTACGATGCCATGCTTTGAATAAGACATTTGAAATACTGCCCTTCCATATGGTTTCGTCTTCATTTCTTGTACGATGCCATGCTTTGAATAAGACATTTGAAATACTGCCCTTCCATATGGTTTCGTCTTCATTTCTTGTACGATGCCATGCTTTGAATAAGACATTTGAAATACTGCCCTTCCATATGGTTTCGTCTTCATTTCTTGTACGATGCCATGCTTTGAATAAGACATTTGAAATACTGCCCTTCCATATGGTTTCGTCTTCATTTCTTGTACGATGCCATGCTTTGAATAAGACATTTGAAATACTGCCCTTCCATATGGTTTCGTCTTCATTTCTTGTACGATGCCATGCTTTGAATAAGACATTTGAAATACTGCCCTTCCATATGGTTTCGTCTTCATTTCTTGTACGATGCCATGCTTTGAATAAGACATTTGAAATACTGCCCTTCCATATGGTTTCGTCTTCATTTCTTGTACGATGCCATGCTTTGAATAAGACATTTGAAATACTGCCCTTCCATATGGTTTCGTCTTCATTTCTTGTACGATGCCATGCTTTGAATAAGACATTTGAAATACTGCCCTTCCATATGGTTTCGTCTTCATTTCTTGTACGATGCCATGCTTTGAATAAGACATTTGAAATACTGCCCTTCCATATGGTTTCGTCTTCATTTCTTGTACGATGCCATGCTTTGAATAAGACATTTGAAATACTGCCCTTCCATATGGTTTCGTCTTCATTTCTTGTACGATGCCATGCTTTGAATAAGACATTTGAAATACTGCCCTTCCATATGGTTTCGTCTTCATTTCTTGTACGATGCCATGCTTTGAATAAGACATTTGAAATACTGCCCTTCCATATGGTTTCGTCTTCATTTCTTGTACGATGCCATGCTTTGAATAAGACATTTGAAATACTGCCCTTCCATATGGTTTCGTCTTCATTTCTTGTACGATGCCATGCTTTGAATAAGACATTTGAAATACTGCCCTTCCATATGGTTTCGTCTTCATTTCTTGTACGATGCCATGCTTTGAATAAGACATTTGAAATACTGCCCTTCCATATGGTTTCGTCTTCATTTCTTGTACGATGCCATGCTTTGAATAAGACATTTGAAATACTGCCCTTCCATATGGTTTCGTCTTCATTTCTTGTACGATGCCATGCTTTGAATAAGACATTTGAAATACTGCCCTTCCATATGGTTTCGTCTTCATTTCTTGTACGATGCCATGCTTTGAATAAGACATTTGAAATACTGCCCTTCCATATGGTTTCGTCTTCATTTCTTGTACGATGCCATGCTTTGAATAAGACATTTGAAATACTGCCCTTCCATATGGTTTCGTCTTCATTTCTTGTACGATGCCATGCTTTGAATAAGACATTTGAAATACTGCCCTTCCATATGGTTTCGTCTTCATTTCTTGTACGATGCCATGCTTTGAATAAGACATTTGAAATACTGCCCTTCCATATGGTTTCGTCTTCATTTCTTGTACGATGCCATGCTTTGAATAAGACATTTGAAATACTGCCCTTCCATATGGTTTCGTCTTCATTTCTTGTACGATGCCATGCTTTGAATAAGACATTTGAAATACTGCCCTTCCATATGGTTTCGTCTTCATTTCTTGTACGATGCCATGCTTTGAATAAGACATTTGAAATACTGCCCTTCCATATGGTTTCGTCTTCATTTCTTGTACGATGCCATGCTTTGAATAAGACATTTGAAATACTGCCCTTCCATATGGTTTCGTCTTCATTTCTTGTACGATGCCATGCTTTGAATAAGACATTTGAAATACTGCCCTTCCATAT,TTATTTAACCTTCAAAGGGTTAACATGAGCCGCGGCATGTGCTTCCAGCTTGACTGTAAAGCCTTTTGCACTTTGGCCAAGGTCGGTCCTCACAATTTGATGTTCTACGACATGATTCGGGGGCAGTGTGACCGGCTTCTCTGTTTTGTAAGTGGAGTGAAATTGGCATCTGTGAGAACCACCTCCTTCGAGCATAAGAAACATAGTCACGTCACCTCTTAGCACCTCTTTAGACACAGTCATTTTTTCGAAGGACTTATCCCAGTCAATGGTCTTCTTTTTCATTACGGGTCCATCAGCGGGAAAGTTTACGCCATGAAAGATGGATTTGTGGATGAAGCAATTTCCTTCGAGTCGAATGTTCCAGCTGGCTGTAGCAACTGCTCCATCCTCAAATAGAAATGACCTTTCATATGACATTCCATCTGGGAATGCTTGCTTGAAATAGTCAGGCATGTCTGCCGGGTACTTTGTGAAGCAACGGTTTCCATATTGAAAGACTGATGACAGTATGTCAAAGGAGAATGGAAGGGGTTTTCCCGCAGGCTTGATGATCACTAATTCGGACATCTGTTTCCCTTCGTAAGGGTACCCAGTTCCTACACCTTCGATCGTAAATTCATGGCCATTGACACTGCCTTCCATATGGTATTTCGTCTTCATTTCTTGTACGATGCCATGCTTTGAATAAGACAT,3
162,SynbioEval/19,regular,FALSE,MGGS,MGS,3
163,SynbioEval/19,cot,TRUE,MGS,MGS,3
164,SynbioEval/20,regular,FALSE,MGGSLKRGD,MGRS,3
165,SynbioEval/20,cot,FALSE,The protein sequence is MGGSLKTKTGR.,MGRS,3
166,SynbioEval/21,regular,FALSE,MGRWGGPSLYPQKFT,MGKFGILIIPLKVTF,3
167,SynbioEval/21,cot,FALSE,"The one-letter amino acid code for the protein sequence MGAFFGSPYSP is:

M - Methionine
G - Glycine
A - Alanine
F - Phenylalanine
F - Phenylalanine
G - Glycine
S - Serine
P - Proline
Y - Tyrosine
S - Serine
P - Proline",MGKFGILIIPLKVTF,3
168,SynbioEval/22,regular,FALSE,MCGARLWQVDRSRRVQKPGPNTS,MWARPIVTIEGIRAPPQGAECPCNQMWCH,3
169,SynbioEval/22,cot,FALSE,"The given sequence of letters corresponds to the amino acid sequence:
Methionine-Tryptophan-Alanine-Arginine-Proline-Isoleucine-Valine-Threonine-Isoleucine-Aspartic acid-Glycine-Aspartic acid-Glutamic acid-Glycine-Isoleucine-Histidine-Proline-Alanine-Glycine-Proline-Asparagine-Arginine-Cysteine-Asparagine-Aspartic acid-Serine-Threonine",MWARPIVTIEGIRAPPQGAECPCNQMWCH,3
170,SynbioEval/23,regular,FALSE,"ATGGGACCT

Translation:
Met-Gly-Pro",MGP,3
171,SynbioEval/23,cot,FALSE,MGT,MGP,3
172,SynbioEval/24,regular,FALSE,"ATGGGACCTCGTTATGATTCCTTTGGGACATAA

Translation:
Met Gly Pro Arg Tyr Asp Ser Phe Gly Thr

One-letter amino acid code:
MGPYDSFGT",MGPRYDSFGT,3
173,SynbioEval/24,cot,FALSE,M G L Y T Y F E G D T I,MGPRYDSFGT,3
174,SynbioEval/25,regular,FALSE,AGTGCCATG,AGUGCCAUG,3
175,SynbioEval/25,cot,FALSE,TACGGTACA,AGUGCCAUG,3
176,SynbioEval/26,regular,FALSE,ATCCGATTTGCAATCGAAC,AUCCGAUUUGCAAUCGAAC,3
177,SynbioEval/26,cot,FALSE,TGGCTAAACGTTAGCTTG,AUCCGAUUUGCAAUCGAAC,3
178,SynbioEval/27,regular,FALSE,TTCGTTACGGATCCGTTAAACGATTACGAACGTT,UUCGUUACGGAUCCGUUAAACGAUUACGAACGUU,3
179,SynbioEval/27,cot,FALSE,The given sequence is TTCGTTACGGATCCGTTAAACGATTACGAACGTT.,UUCGUUACGGAUCCGUUAAACGAUUACGAACGUU,3
180,SynbioEval/28,regular,TRUE,Methane,Methane,3
181,SynbioEval/28,cot,TRUE,Methane,Methane,3
182,SynbioEval/29,regular,FALSE,CCO,Ethanol,3
183,SynbioEval/29,cot,FALSE,CCO,Ethanol,3
184,SynbioEval/30,regular,FALSE,12,10,3
185,SynbioEval/30,cot,FALSE,17,10,3